Date,Region,Area,Unemployment_Rate,Employed,Labour_Participation_Rate
01-01-2025,Karnataka,Rural,14.36,3397291,52
02-01-2025,Uttar Pradesh,Rural,28.77,3902429,45.55
03-01-2025,Karnataka,Urban,23.3,4994287,36.55
04-01-2025,Karnataka,Rural,19.97,2590706,40.95
05-01-2025,West Bengal,Urban,8.9,1291902,67.13
06-01-2025,Karnataka,Urban,8.9,2592118,57.04
07-01-2025,West Bengal,Urban,6.45,3837973,49.84
08-01-2025,Gujarat,Urban,26.65,2302575,30.51
09-01-2025,Delhi,Rural,20.03,564071,69.7
10-01-2025,Uttar Pradesh,Rural,22.7,4481137,56.86
11-01-2025,Maharashtra,Urban,5.51,875435,42.68
12-01-2025,Tamil Nadu,Rural,29.25,2274606,65.17
13-01-2025,Gujarat,Rural,25.81,3598472,40.34
14-01-2025,Maharashtra,Urban,10.31,3106316,51.76
15-01-2025,Tamil Nadu,Rural,9.55,1664718,55.44
16-01-2025,Maharashtra,Urban,9.59,2234793,38.84
17-01-2025,West Bengal,Urban,12.61,1702575,69.14
18-01-2025,Gujarat,Rural,18.12,3913270,59.93
19-01-2025,Rajasthan,Urban,15.8,4906425,52.31
20-01-2025,Karnataka,Rural,12.28,2478837,37.22
21-01-2025,Karnataka,Urban,20.3,1624102,32.15
22-01-2025,Uttar Pradesh,Urban,8.49,3290541,42.8
23-01-2025,Tamil Nadu,Rural,12.3,764180,60.13
24-01-2025,Tamil Nadu,Rural,14.16,2483366,40.77
25-01-2025,West Bengal,Rural,16.4,2135848,51.58
26-01-2025,Gujarat,Urban,24.63,2539855,59.12
27-01-2025,West Bengal,Rural,9.99,304615,34.32
28-01-2025,Maharashtra,Urban,17.86,1625233,57.41
29-01-2025,Maharashtra,Rural,19.81,3996022,33.67
30-01-2025,Uttar Pradesh,Urban,6.16,1903740,68.61
31-01-2025,Tamil Nadu,Rural,20.19,4068222,49.54
01-02-2025,Rajasthan,Urban,9.26,3168893,36.03
02-02-2025,West Bengal,Urban,6.63,938003,43.7
03-02-2025,Gujarat,Urban,28.72,3533382,46.54
04-02-2025,Uttar Pradesh,Rural,29.14,381570,60.33
05-02-2025,Maharashtra,Urban,25.21,3282993,59.74
06-02-2025,Karnataka,Rural,12.62,4181082,54.48
07-02-2025,Rajasthan,Rural,7.44,3495049,34.24
08-02-2025,Rajasthan,Urban,22.11,166150,36.06
09-02-2025,Delhi,Rural,16,2534206,33.75
10-02-2025,Uttar Pradesh,Rural,8.05,659723,53.09
11-02-2025,Karnataka,Urban,17.38,2647500,65.09
12-02-2025,Maharashtra,Rural,5.86,3455745,47.35
13-02-2025,Maharashtra,Urban,27.73,1099554,36.43
14-02-2025,Uttar Pradesh,Rural,11.47,4293060,52.32
15-02-2025,Rajasthan,Urban,21.56,4258634,62.47
16-02-2025,Tamil Nadu,Rural,12.79,234055,59.67
17-02-2025,Tamil Nadu,Rural,18,776022,65.26
18-02-2025,Tamil Nadu,Rural,18.67,909942,41.12
19-02-2025,Karnataka,Rural,9.62,3979275,37.76
20-02-2025,Tamil Nadu,Urban,29.24,796358,65.19
21-02-2025,West Bengal,Urban,24.38,3695790,56.3
22-02-2025,Rajasthan,Urban,28.49,1941648,42.44
23-02-2025,Maharashtra,Rural,27.37,1788472,59.69
24-02-2025,Uttar Pradesh,Urban,19.95,3928433,62.6
25-02-2025,West Bengal,Urban,28.05,2835264,54.6
26-02-2025,Maharashtra,Rural,7.21,4548748,57.52
27-02-2025,Delhi,Urban,9.9,2800713,45.01
28-02-2025,Gujarat,Rural,6.13,2408989,51.55
01-03-2025,West Bengal,Urban,13.13,4237270,50.97
02-03-2025,Karnataka,Urban,14.72,4417922,63.92
03-03-2025,Gujarat,Urban,11.78,4215625,63.6
04-03-2025,Gujarat,Urban,25.72,559297,63.31
05-03-2025,Delhi,Rural,13.92,1120154,30.44
06-03-2025,Karnataka,Rural,12.02,4177151,59.98
07-03-2025,Maharashtra,Urban,18.57,4834963,60.35
08-03-2025,Uttar Pradesh,Rural,8.52,2903696,57.14
09-03-2025,Karnataka,Rural,25.05,2193373,60.25
10-03-2025,Karnataka,Urban,6.86,2472280,63.68
11-03-2025,West Bengal,Urban,29.67,3016623,48.81
12-03-2025,Maharashtra,Rural,24.31,2806871,50.08
13-03-2025,Gujarat,Rural,9.97,970123,34.99
14-03-2025,Delhi,Urban,5.14,3086249,45.42
15-03-2025,Delhi,Rural,25.39,1959582,55.73
16-03-2025,Rajasthan,Urban,22.67,4544499,61.22
17-03-2025,Delhi,Urban,23.23,2229885,38.69
18-03-2025,West Bengal,Rural,24.28,4820642,35.51
19-03-2025,Gujarat,Urban,6.85,2307148,56.52
20-03-2025,Rajasthan,Rural,13.96,4852525,30.08
21-03-2025,West Bengal,Rural,7.9,649239,37.13
22-03-2025,Delhi,Urban,26.58,656701,31.16
23-03-2025,Delhi,Urban,20.58,3147569,36.68
24-03-2025,Karnataka,Rural,13.27,4728120,37.25
25-03-2025,Karnataka,Rural,6.59,1370464,45.51
26-03-2025,Karnataka,Urban,12.77,885332,46.09
27-03-2025,West Bengal,Urban,13.13,867950,64.97
28-03-2025,West Bengal,Rural,23.24,266472,50.4
29-03-2025,Tamil Nadu,Urban,20.94,497710,58.94
30-03-2025,Gujarat,Rural,27.18,4417048,34.17
31-03-2025,Delhi,Urban,16.81,3288729,39.02
01-04-2025,Maharashtra,Urban,7.99,4885956,58.12
02-04-2025,Uttar Pradesh,Rural,22.83,2950171,32.11
03-04-2025,Delhi,Rural,24.02,1010775,49.46
04-04-2025,Rajasthan,Urban,19.03,2696874,53.97
05-04-2025,West Bengal,Urban,24.27,658924,54.09
06-04-2025,Karnataka,Rural,17.34,3981185,30.92
07-04-2025,West Bengal,Rural,18.07,4473656,42.88
08-04-2025,Tamil Nadu,Rural,15.69,4112595,55.46
09-04-2025,Uttar Pradesh,Rural,5.64,2390435,35.96
10-04-2025,Tamil Nadu,Rural,7.7,531413,57.82
11-04-2025,Uttar Pradesh,Rural,5.79,1452564,59.84
12-04-2025,Karnataka,Rural,20.91,2524050,69.28
13-04-2025,Rajasthan,Rural,12.86,4265100,38.39
14-04-2025,Gujarat,Urban,17.71,963561,63.01
15-04-2025,Gujarat,Rural,27.69,402186,50.81
16-04-2025,Delhi,Urban,11.23,3307393,44.94
17-04-2025,West Bengal,Rural,15.26,3928464,34.9
18-04-2025,Delhi,Rural,23.89,1126553,59.42
19-04-2025,Delhi,Rural,10.72,1335202,39.43
20-04-2025,West Bengal,Urban,6.92,245271,44.86
21-04-2025,West Bengal,Rural,12.24,2315685,32.5
22-04-2025,Delhi,Urban,9.03,3843797,62.05
23-04-2025,West Bengal,Rural,28.24,1614542,60.66
24-04-2025,Tamil Nadu,Urban,25.2,4280656,59.34
25-04-2025,Maharashtra,Rural,20.84,3030184,41.98
26-04-2025,Rajasthan,Rural,26.79,176898,36.94
27-04-2025,Karnataka,Rural,25.09,3395097,55.5
28-04-2025,West Bengal,Rural,9.66,388316,49.85
29-04-2025,Delhi,Rural,27.31,2108954,37.13
30-04-2025,Tamil Nadu,Urban,18.48,1929553,57.44
01-05-2025,West Bengal,Urban,25.19,4188657,69.65
02-05-2025,West Bengal,Rural,27.4,3141341,59.89
03-05-2025,Delhi,Urban,12.95,1139504,59.6
04-05-2025,Karnataka,Rural,7.75,4187810,68.01
05-05-2025,Gujarat,Urban,10.7,2205058,38.12
06-05-2025,Uttar Pradesh,Urban,15.68,1775843,52.62
07-05-2025,Karnataka,Rural,25.45,134701,69.19
08-05-2025,Tamil Nadu,Rural,26.52,3329028,36.61
09-05-2025,Delhi,Urban,5.17,1821610,58.01
10-05-2025,Maharashtra,Rural,17.77,2280712,53.43
11-05-2025,Karnataka,Urban,15.44,2439767,53.46
12-05-2025,Delhi,Urban,10.55,2714235,57.91
13-05-2025,Karnataka,Urban,8,591036,67.18
14-05-2025,Delhi,Urban,13.44,427304,61.3
15-05-2025,Uttar Pradesh,Urban,28.57,2562616,32.25
16-05-2025,Gujarat,Rural,13.08,2810241,64.11
17-05-2025,Gujarat,Rural,17.97,3533803,39.02
18-05-2025,Maharashtra,Urban,22.58,1242953,45.08
19-05-2025,Rajasthan,Urban,14.09,4061352,48.47
20-05-2025,Gujarat,Rural,29.29,4078702,49.24
21-05-2025,Delhi,Rural,29.06,4159175,47.41
22-05-2025,Karnataka,Urban,11.29,426916,67.49
23-05-2025,Maharashtra,Urban,17.43,3697706,58.24
24-05-2025,Uttar Pradesh,Urban,12.52,4606554,55.25
25-05-2025,Uttar Pradesh,Rural,12.12,705409,31.99
26-05-2025,Uttar Pradesh,Urban,5.92,1174135,66.16
27-05-2025,Delhi,Urban,20.24,3089179,66.38
28-05-2025,Uttar Pradesh,Rural,17.57,1825690,61.21
29-05-2025,Rajasthan,Rural,6.29,3380772,30.28
30-05-2025,Gujarat,Urban,11.97,4257893,32.29
31-05-2025,Uttar Pradesh,Urban,27.71,503119,39.01
01-06-2025,Maharashtra,Rural,10.99,4266769,35.25
02-06-2025,Uttar Pradesh,Rural,8.62,4420295,45.95
03-06-2025,Karnataka,Urban,17.24,502732,66.9
04-06-2025,Gujarat,Urban,29.64,606079,48.88
05-06-2025,Uttar Pradesh,Rural,11.05,2050013,30.54
06-06-2025,West Bengal,Urban,21.8,2723836,41.31
07-06-2025,Tamil Nadu,Rural,24.04,1232658,31.78
08-06-2025,Uttar Pradesh,Rural,10.94,2085209,31.45
09-06-2025,Gujarat,Urban,23.21,4422626,41.03
10-06-2025,Gujarat,Rural,14.19,756951,41.02
11-06-2025,Delhi,Urban,20.81,111303,61.49
12-06-2025,Rajasthan,Urban,20.84,1310209,68.99
13-06-2025,Karnataka,Rural,18.39,3579591,44.85
14-06-2025,Delhi,Rural,7.26,2466610,47.16
15-06-2025,West Bengal,Urban,25.88,4280303,63.79
16-06-2025,Delhi,Urban,13.02,1168199,40.73
17-06-2025,Maharashtra,Urban,9.66,4276224,36.26
18-06-2025,West Bengal,Rural,6.02,4784346,64.12
19-06-2025,Gujarat,Urban,19.77,558298,31.86
20-06-2025,Rajasthan,Urban,21.94,1147343,54.79
21-06-2025,Karnataka,Urban,5.41,205228,52.48
22-06-2025,Maharashtra,Rural,17.8,4720650,43.84
23-06-2025,Uttar Pradesh,Urban,10.66,1855692,42.61
24-06-2025,Karnataka,Rural,21.13,984056,60.87
25-06-2025,Tamil Nadu,Rural,9.36,1830228,33.46
26-06-2025,Tamil Nadu,Urban,22.27,2046793,39.47
27-06-2025,Rajasthan,Rural,14.67,1669123,59.3
28-06-2025,Gujarat,Rural,28.42,3379269,51.93
29-06-2025,Maharashtra,Urban,8.44,1826470,35.12
30-06-2025,Uttar Pradesh,Rural,13.53,3440420,65.29
01-07-2025,Rajasthan,Rural,7.84,148874,45.74
02-07-2025,Karnataka,Urban,28.12,1722572,63.11
03-07-2025,Karnataka,Rural,26.93,3320281,61.51
04-07-2025,Tamil Nadu,Rural,11.45,2789784,54.98
05-07-2025,Karnataka,Rural,21.5,809662,49.78
06-07-2025,Uttar Pradesh,Urban,25.43,4972554,69.18
07-07-2025,Delhi,Rural,18.88,570452,35.8
08-07-2025,Karnataka,Urban,18.24,2239686,59.01
09-07-2025,Gujarat,Urban,11.05,2692670,37.65
10-07-2025,Maharashtra,Rural,7.33,4910833,43.53
11-07-2025,West Bengal,Rural,27.43,542061,42.35
12-07-2025,Uttar Pradesh,Urban,27.51,3434732,67.88
13-07-2025,Uttar Pradesh,Rural,20.83,3861675,68.69
14-07-2025,Uttar Pradesh,Urban,13.48,2361286,37.32
15-07-2025,Karnataka,Rural,13.73,588972,30.88
16-07-2025,Maharashtra,Urban,23.15,1223994,58.8
17-07-2025,Maharashtra,Rural,27.43,3181328,46.72
18-07-2025,Delhi,Urban,27.18,4198064,33.55
19-07-2025,Delhi,Rural,24.5,2717703,57.35
20-07-2025,Delhi,Urban,21.05,263038,51.8
21-07-2025,Delhi,Urban,7.1,4063735,69.22
22-07-2025,West Bengal,Rural,9.04,1474572,39.1
23-07-2025,West Bengal,Urban,27.46,2455874,46.16
24-07-2025,Delhi,Rural,20.16,700530,51.7
25-07-2025,Karnataka,Rural,5.23,3748966,61.67
26-07-2025,Rajasthan,Rural,7.54,1177833,51.95
27-07-2025,Uttar Pradesh,Urban,21.59,2677640,54.52
28-07-2025,Karnataka,Urban,5.13,535423,39.05
29-07-2025,West Bengal,Rural,9.02,1292929,63.88
30-07-2025,Gujarat,Urban,18.72,423390,47.15
31-07-2025,Tamil Nadu,Urban,22.3,1764221,35.64
01-08-2025,Gujarat,Urban,21.3,4168316,56.57
02-08-2025,Rajasthan,Urban,10.61,1756671,38.64
03-08-2025,Uttar Pradesh,Rural,22.8,238563,33.9
04-08-2025,Maharashtra,Urban,10.93,883066,64.48
05-08-2025,Gujarat,Rural,13.13,1654623,48.41
06-08-2025,Delhi,Rural,23.66,4999856,59.97
07-08-2025,Delhi,Rural,21.24,4155957,41.62
08-08-2025,Rajasthan,Urban,26.23,697897,61.48
09-08-2025,Rajasthan,Rural,21.44,4041237,34.48
10-08-2025,West Bengal,Rural,19.21,872800,44.24
11-08-2025,West Bengal,Rural,7.34,2142999,69.12
12-08-2025,Gujarat,Rural,14.19,3622554,61.76
13-08-2025,Karnataka,Urban,11.63,3759985,49.89
14-08-2025,West Bengal,Rural,11.1,2002897,43.59
15-08-2025,Tamil Nadu,Urban,29.33,3676511,64.89
16-08-2025,Uttar Pradesh,Urban,14.83,1263950,51.79
17-08-2025,Gujarat,Urban,27.3,649148,60.34
18-08-2025,Maharashtra,Rural,20.78,2873707,60.16
19-08-2025,West Bengal,Urban,24.87,4778394,30.72
20-08-2025,Maharashtra,Rural,17.57,2873939,35.05
21-08-2025,Rajasthan,Rural,19.42,2035740,56.39
22-08-2025,Rajasthan,Rural,17.31,3534955,36.46
23-08-2025,Tamil Nadu,Urban,9.88,2845226,40.22
24-08-2025,Delhi,Urban,23.06,3277326,67.87
25-08-2025,Rajasthan,Rural,12.02,1654510,52.41
26-08-2025,West Bengal,Rural,5.61,1930815,60.03
27-08-2025,Tamil Nadu,Rural,21.14,3863122,52.32
28-08-2025,Gujarat,Urban,9.43,2486378,52.1
29-08-2025,Rajasthan,Urban,28.51,4521590,33.77
30-08-2025,Gujarat,Rural,28.85,2634937,43.75
31-08-2025,Maharashtra,Urban,27.87,3257473,41.3
01-09-2025,Maharashtra,Rural,14.25,912461,45.63
02-09-2025,Gujarat,Rural,5.39,4527036,61.93
03-09-2025,Gujarat,Urban,28.21,4155555,44.88
04-09-2025,Gujarat,Urban,15.7,1818224,48.07
05-09-2025,Tamil Nadu,Rural,29.17,2810626,45.9
06-09-2025,Tamil Nadu,Rural,29.09,1024044,33.74
07-09-2025,Delhi,Urban,26.33,3081352,47.64
08-09-2025,Gujarat,Urban,12.36,1486652,37.82
09-09-2025,Maharashtra,Urban,14.63,385555,37.47
10-09-2025,Delhi,Urban,26.28,544191,33.76
11-09-2025,Tamil Nadu,Urban,12.92,1602337,44.27
12-09-2025,Rajasthan,Rural,9.24,3586669,60.3
13-09-2025,Uttar Pradesh,Rural,18.92,1020597,41.06
14-09-2025,West Bengal,Rural,28.4,2143338,42.49
15-09-2025,Rajasthan,Urban,22.4,3822946,55.71
16-09-2025,Karnataka,Urban,19.25,1586205,37.83
17-09-2025,Maharashtra,Urban,7.43,2965899,65.88
18-09-2025,Rajasthan,Rural,20.38,324695,50.81
19-09-2025,Karnataka,Rural,29.75,3081467,47.9
20-09-2025,Uttar Pradesh,Rural,8.5,3541628,52.31
21-09-2025,Delhi,Rural,17.96,1201844,36.64
22-09-2025,Tamil Nadu,Urban,26.93,4867493,54.54
23-09-2025,Maharashtra,Urban,23.52,1510706,44.52
24-09-2025,Rajasthan,Urban,22.43,3440216,65.89
25-09-2025,Karnataka,Urban,22.56,3933284,36.75
26-09-2025,Gujarat,Rural,13.99,4957088,50.28
27-09-2025,Karnataka,Urban,12.34,1947865,53.92
28-09-2025,Uttar Pradesh,Rural,25.23,1019484,31.34
29-09-2025,Maharashtra,Urban,25.25,4997954,44.55
30-09-2025,Maharashtra,Rural,26.68,4117136,59.31
01-10-2025,Maharashtra,Rural,27.83,444855,62.82
02-10-2025,Rajasthan,Urban,17.78,1174961,42.53
03-10-2025,Uttar Pradesh,Urban,17.54,4725678,61.94
04-10-2025,West Bengal,Urban,24.96,3661963,68.71
05-10-2025,Tamil Nadu,Rural,21.25,2477935,64.27
06-10-2025,Rajasthan,Rural,22.55,1234106,34.71
07-10-2025,Karnataka,Urban,24.89,4578011,59.59
08-10-2025,West Bengal,Rural,27.25,2574968,42.79
09-10-2025,West Bengal,Rural,13.45,2542266,69.54
10-10-2025,Gujarat,Urban,14.39,4537677,49.41
11-10-2025,Karnataka,Urban,7.35,4642001,34.9
12-10-2025,Uttar Pradesh,Rural,19.46,1318758,59.01
13-10-2025,Karnataka,Urban,5.9,1755743,42.92
14-10-2025,Maharashtra,Rural,16.64,4077019,69.88
15-10-2025,Uttar Pradesh,Rural,18.57,3168281,69.19
16-10-2025,Uttar Pradesh,Urban,12.16,4625208,56.25
17-10-2025,Delhi,Rural,19.77,618349,35.19
18-10-2025,Rajasthan,Rural,5.76,2981990,57.47
19-10-2025,Delhi,Rural,5.93,897968,33.72
20-10-2025,Maharashtra,Rural,25.57,179083,31.17
21-10-2025,Maharashtra,Rural,14,2755971,62.92
22-10-2025,Delhi,Rural,8.18,4097615,38.39
23-10-2025,Gujarat,Rural,18.06,2974299,45.16
24-10-2025,Tamil Nadu,Rural,24.25,4948341,68.94
25-10-2025,Karnataka,Rural,10.4,1904673,43.47
26-10-2025,Karnataka,Rural,20.57,3038199,41.86
27-10-2025,Rajasthan,Rural,7.13,709996,66.73
28-10-2025,Maharashtra,Urban,6.29,878513,34.43
29-10-2025,Rajasthan,Rural,18.28,3403389,60.38
30-10-2025,Gujarat,Rural,18.52,4454385,69.52
31-10-2025,West Bengal,Rural,20.94,488590,66.05
01-11-2025,Gujarat,Urban,23.15,1865982,56.07
02-11-2025,Delhi,Rural,29.4,2878655,42.56
03-11-2025,Rajasthan,Rural,17.91,3251882,40.17
04-11-2025,Tamil Nadu,Rural,13.07,3310016,62.77
05-11-2025,West Bengal,Rural,24.88,2479877,65.19
06-11-2025,Uttar Pradesh,Rural,11.77,2489383,51.02
07-11-2025,Rajasthan,Urban,15.97,264053,39.77
08-11-2025,Tamil Nadu,Rural,6.96,4887890,34.52
09-11-2025,Maharashtra,Urban,5.63,1536536,33.49
10-11-2025,Rajasthan,Rural,29.07,2642637,58.76
11-11-2025,Gujarat,Urban,25.9,3490926,46.8
12-11-2025,Gujarat,Urban,22.4,3713263,66.21
13-11-2025,Uttar Pradesh,Urban,15.22,4258549,59.59
14-11-2025,Rajasthan,Urban,9.33,1446208,37.65
15-11-2025,Tamil Nadu,Rural,8.91,4630889,54.55
16-11-2025,Tamil Nadu,Rural,11.26,1878599,47.42
17-11-2025,Tamil Nadu,Urban,18.73,122431,53.09
18-11-2025,West Bengal,Urban,22.86,1343131,59.52
19-11-2025,West Bengal,Rural,21.5,747008,62.25
20-11-2025,Tamil Nadu,Rural,12,673441,63.75
21-11-2025,Maharashtra,Rural,28.87,4562816,40.16
22-11-2025,Rajasthan,Urban,23.45,4470380,31.24
23-11-2025,Tamil Nadu,Urban,18.86,2149949,59.57
24-11-2025,Uttar Pradesh,Rural,20.29,1368300,34.25
25-11-2025,Gujarat,Urban,15.49,2047763,42.6
26-11-2025,Uttar Pradesh,Urban,11.19,1729849,30.15
27-11-2025,Uttar Pradesh,Urban,13.9,1985077,57.27
28-11-2025,Rajasthan,Urban,23.95,3982149,36.69
29-11-2025,Maharashtra,Rural,5.36,4973062,56.21
30-11-2025,West Bengal,Rural,7.9,150861,69.67
01-12-2025,Tamil Nadu,Rural,6.15,4945710,32.91
02-12-2025,Gujarat,Urban,6.02,4100737,33.08
03-12-2025,West Bengal,Urban,26.39,821001,43.62
04-12-2025,Gujarat,Urban,22.59,2091083,64.66
05-12-2025,Maharashtra,Rural,16.85,4619216,38.62
06-12-2025,Karnataka,Urban,7.45,1723911,44.42
07-12-2025,Tamil Nadu,Urban,17.29,1543717,32.74
08-12-2025,Rajasthan,Urban,16.84,4509352,60.53
09-12-2025,West Bengal,Rural,9.33,2957733,46.33
10-12-2025,Delhi,Rural,15.85,1305663,60.37
11-12-2025,Maharashtra,Urban,14.96,133320,66.14
12-12-2025,Karnataka,Rural,20.4,427025,39.31
13-12-2025,Rajasthan,Urban,20.88,464359,62.3
14-12-2025,Tamil Nadu,Rural,6.13,1408507,32.36
15-12-2025,Uttar Pradesh,Urban,14.37,4166621,65.95
16-12-2025,Karnataka,Urban,20.65,1043187,56.03
17-12-2025,Karnataka,Rural,17.58,4093710,64.97
18-12-2025,Karnataka,Urban,26.41,1697690,30.01
19-12-2025,Tamil Nadu,Urban,21.47,200734,36.76
20-12-2025,Tamil Nadu,Urban,9.07,257702,45.59
21-12-2025,Delhi,Rural,6.76,2951274,45.18
22-12-2025,Gujarat,Rural,21.06,1325811,39.07
23-12-2025,Gujarat,Rural,5.66,1247087,45.26
24-12-2025,Delhi,Urban,19.64,3181091,35.15
25-12-2025,Delhi,Urban,28.51,3929049,46.51
26-12-2025,Rajasthan,Rural,19.39,2803381,62.09
27-12-2025,Delhi,Urban,14.7,1968670,49.16
28-12-2025,Maharashtra,Rural,21.08,4393122,30.72
29-12-2025,Delhi,Rural,16.46,4446664,46.86
30-12-2025,Rajasthan,Urban,18.64,4913673,31.09
31-12-2025,Gujarat,Rural,28.54,4855469,68.65
01-01-2026,Gujarat,Urban,14.65,1032817,35.1
02-01-2026,Delhi,Urban,29.03,4435702,58.31
03-01-2026,Tamil Nadu,Rural,27.63,3378360,68.91
04-01-2026,Maharashtra,Rural,9.89,3062732,63.04
05-01-2026,Maharashtra,Rural,6.73,2280338,57.97
06-01-2026,Tamil Nadu,Urban,7.52,2092825,63.58
07-01-2026,West Bengal,Urban,5.46,3932978,69.27
08-01-2026,Gujarat,Urban,7.36,4215811,54.85
09-01-2026,Rajasthan,Rural,22.08,694604,52.37
10-01-2026,West Bengal,Rural,6.78,2149927,55.13
11-01-2026,West Bengal,Urban,12.97,3274108,51.31
12-01-2026,Karnataka,Rural,26.12,2831638,55.4
13-01-2026,Tamil Nadu,Urban,5.58,364500,47.99
14-01-2026,West Bengal,Urban,25.36,2267478,38.74
15-01-2026,Delhi,Urban,12.05,3076031,34.81
16-01-2026,Karnataka,Urban,7.95,739282,32.73
17-01-2026,Rajasthan,Urban,22.42,3003633,40.53
18-01-2026,Karnataka,Urban,20.72,2040369,31.84
19-01-2026,Karnataka,Rural,26.94,4048242,52.69
20-01-2026,Maharashtra,Urban,23.38,1317060,41.35
21-01-2026,Tamil Nadu,Urban,25.09,1131519,62.98
22-01-2026,Gujarat,Urban,12.05,889352,32.97
23-01-2026,West Bengal,Urban,9.44,4778714,39.05
24-01-2026,Delhi,Urban,23.77,1490281,59.21
25-01-2026,West Bengal,Rural,25.17,4041106,53.95
26-01-2026,West Bengal,Rural,29.76,2422466,32.58
27-01-2026,West Bengal,Urban,15.32,1951317,65.09
28-01-2026,Karnataka,Urban,14.3,2046830,65.09
29-01-2026,Gujarat,Rural,24.41,2714150,43.22
30-01-2026,Maharashtra,Rural,13.52,1668560,43.62
31-01-2026,Tamil Nadu,Rural,28.27,4760061,69.56
01-02-2026,Rajasthan,Urban,26.46,2705214,55.05
02-02-2026,Gujarat,Urban,15.72,2329180,51.25
03-02-2026,Karnataka,Rural,23.77,2428599,63.53
04-02-2026,Maharashtra,Rural,23.86,1095843,41.41
05-02-2026,Uttar Pradesh,Urban,7.58,4288891,47.17
06-02-2026,Delhi,Rural,27.56,726045,40.71
07-02-2026,Rajasthan,Rural,17.63,4131419,61.57
08-02-2026,Delhi,Urban,25.66,4595511,52.93
09-02-2026,Tamil Nadu,Rural,13,1524945,56.35
10-02-2026,Karnataka,Urban,27.39,1491538,40.09
11-02-2026,Tamil Nadu,Urban,14.73,2463999,38.81
12-02-2026,Maharashtra,Urban,5.27,820488,49.53
13-02-2026,West Bengal,Rural,27.63,4890691,59.5
14-02-2026,Tamil Nadu,Rural,7.28,519065,51.01
15-02-2026,Uttar Pradesh,Rural,12.98,2884372,31.31
16-02-2026,Gujarat,Urban,28.75,4325889,64.74
17-02-2026,Karnataka,Rural,28.77,1563807,32.59
18-02-2026,Rajasthan,Urban,19.34,3192195,68.23
19-02-2026,Karnataka,Rural,20.8,1716449,31.01
20-02-2026,Delhi,Urban,16.21,389102,57.78
21-02-2026,Rajasthan,Rural,12.33,1436737,33.29
22-02-2026,Uttar Pradesh,Urban,13.22,3160006,66.43
23-02-2026,Tamil Nadu,Urban,21.81,2477074,48.58
24-02-2026,Tamil Nadu,Rural,23.81,2897753,35.5
25-02-2026,Karnataka,Rural,24.79,1190805,43.63
26-02-2026,Rajasthan,Urban,24.74,4543778,36.59
27-02-2026,Tamil Nadu,Rural,7.28,4262065,36.82
28-02-2026,West Bengal,Urban,17.36,3110087,67.92
01-03-2026,Rajasthan,Urban,6.44,360116,47.81
02-03-2026,Karnataka,Urban,18.74,3068462,61.55
03-03-2026,Gujarat,Rural,16.04,3142146,55.58
04-03-2026,Gujarat,Urban,27.19,2718137,57.06
05-03-2026,Maharashtra,Rural,13.77,4314279,35.27
06-03-2026,Gujarat,Rural,7.93,4452099,39.37
07-03-2026,Uttar Pradesh,Rural,8.57,3662223,61.47
08-03-2026,Delhi,Rural,24.04,1357949,68.83
09-03-2026,Rajasthan,Rural,20.46,3071981,40.51
10-03-2026,Rajasthan,Urban,7.53,3950241,40.86
11-03-2026,Delhi,Rural,7.1,4059076,48.92
12-03-2026,Uttar Pradesh,Urban,22.52,3834340,69.35
13-03-2026,West Bengal,Urban,6.82,3421765,40.76
14-03-2026,West Bengal,Rural,25.55,488076,46.28
15-03-2026,Rajasthan,Rural,22.66,4984797,65.66
16-03-2026,Delhi,Rural,7.03,3209244,30.12
17-03-2026,West Bengal,Urban,7.12,4916909,31.59
18-03-2026,Uttar Pradesh,Urban,29.67,2298611,54.16
19-03-2026,Delhi,Rural,14.36,2060826,66.3
20-03-2026,Tamil Nadu,Rural,14.27,2944664,39.55
21-03-2026,Maharashtra,Rural,25.32,2713275,48.79
22-03-2026,Tamil Nadu,Urban,28.68,1478369,48.02
23-03-2026,West Bengal,Urban,29.65,2523970,48.92
24-03-2026,Maharashtra,Rural,23.83,2190212,54.9
25-03-2026,Delhi,Rural,14.41,4271774,48.79
26-03-2026,Rajasthan,Rural,7.09,2341984,47.9
27-03-2026,Rajasthan,Rural,24.43,252999,48.97
28-03-2026,West Bengal,Rural,18.96,4642923,53.63
29-03-2026,West Bengal,Urban,15.61,161367,51.48
30-03-2026,Rajasthan,Urban,27.66,853315,64.17
31-03-2026,Delhi,Urban,7.78,4700108,31.98
01-04-2026,West Bengal,Urban,17.32,3105334,63.33
02-04-2026,Maharashtra,Urban,5.28,2954190,63.76
03-04-2026,Rajasthan,Rural,16.72,1384382,41.4
04-04-2026,Rajasthan,Urban,6.41,3953321,48.51
05-04-2026,Delhi,Rural,7.97,2754837,47.54
06-04-2026,West Bengal,Rural,7.94,3584239,38.74
07-04-2026,Tamil Nadu,Urban,21.23,1142377,45.87
08-04-2026,Uttar Pradesh,Urban,23.65,4677033,31.78
09-04-2026,West Bengal,Rural,19.58,3357181,41.11
10-04-2026,Tamil Nadu,Rural,29.05,1023780,62.67
11-04-2026,Tamil Nadu,Urban,14.37,2966451,41.38
12-04-2026,Maharashtra,Urban,12.14,2568152,62.73
13-04-2026,Karnataka,Rural,26.71,4507871,51.26
14-04-2026,Uttar Pradesh,Rural,10.59,2042811,65.19
15-04-2026,Maharashtra,Rural,29.08,398090,52.99
16-04-2026,Tamil Nadu,Rural,5.3,417348,31.19
17-04-2026,Tamil Nadu,Urban,29.25,1426283,57.02
18-04-2026,Uttar Pradesh,Rural,6.08,192324,31.79
19-04-2026,Rajasthan,Urban,27.28,2420688,48.02
20-04-2026,Rajasthan,Urban,18.19,1905808,67.18
21-04-2026,Karnataka,Urban,29.82,1420567,36.61
22-04-2026,Tamil Nadu,Urban,6.84,4320459,45.59
23-04-2026,Maharashtra,Urban,18.85,4636119,59.19
24-04-2026,Maharashtra,Urban,29.23,4115470,65.29
25-04-2026,West Bengal,Urban,18.08,4754798,56.84
26-04-2026,Uttar Pradesh,Urban,20.73,3377419,40.33
27-04-2026,West Bengal,Rural,22.39,3722138,56.98
28-04-2026,Delhi,Urban,16.36,2640476,41.87
29-04-2026,Karnataka,Rural,20.69,4329011,58.74
30-04-2026,Tamil Nadu,Urban,19.61,1037841,68.16
01-05-2026,West Bengal,Urban,27.53,1667053,58.86
02-05-2026,Uttar Pradesh,Urban,6.14,2016545,64.52
03-05-2026,Uttar Pradesh,Urban,12.02,2943940,30.08
04-05-2026,Karnataka,Rural,28.76,4647603,58.7
05-05-2026,West Bengal,Rural,27.26,4032441,63.18
06-05-2026,Gujarat,Rural,16.39,1307068,31.62
07-05-2026,West Bengal,Rural,20.5,4464406,64.86
08-05-2026,West Bengal,Rural,11.93,494274,40.27
09-05-2026,West Bengal,Rural,9.7,4511589,56.61
10-05-2026,Karnataka,Rural,16.59,1486980,62.01
11-05-2026,Maharashtra,Rural,13.83,1308052,56.51
12-05-2026,Delhi,Urban,19.59,2955994,33.69
13-05-2026,Gujarat,Rural,6.94,3047762,53.85
14-05-2026,Karnataka,Urban,29.36,2493293,51.98
15-05-2026,Gujarat,Rural,29.66,3140267,66.01
16-05-2026,Delhi,Rural,22.45,3942323,46.17
17-05-2026,Uttar Pradesh,Rural,18.4,1397076,42.84
18-05-2026,Delhi,Urban,12.74,1280887,59.99
19-05-2026,Karnataka,Rural,25.34,1907610,46.51
20-05-2026,Gujarat,Rural,22.12,4539850,55.84
21-05-2026,Gujarat,Rural,9.07,2848385,55.86
22-05-2026,Karnataka,Urban,27.77,3815288,65.52
23-05-2026,Maharashtra,Rural,25.56,2024401,53.95
24-05-2026,Karnataka,Urban,28.74,1996220,50.09
25-05-2026,Rajasthan,Rural,23.14,3238744,35.55
26-05-2026,West Bengal,Rural,20.34,246470,34.63
27-05-2026,Gujarat,Rural,15.46,1467223,36.17
28-05-2026,Tamil Nadu,Urban,28.32,1155146,36.87
29-05-2026,Delhi,Rural,26.65,2528081,55.52
30-05-2026,Rajasthan,Rural,6.13,3779126,59.64
31-05-2026,Tamil Nadu,Rural,5.66,3744843,51.2
01-06-2026,Rajasthan,Rural,14.41,4373445,63.16
02-06-2026,Uttar Pradesh,Urban,25.26,4306419,69.65
03-06-2026,Rajasthan,Rural,29.68,3284790,62.8
04-06-2026,West Bengal,Urban,8.76,3006495,57.8
05-06-2026,Rajasthan,Urban,19.85,4241363,51.3
06-06-2026,Karnataka,Urban,14.52,1674833,47.95
07-06-2026,Delhi,Urban,29.25,3027337,33.38
08-06-2026,Rajasthan,Urban,26.05,2148891,45.97
09-06-2026,Rajasthan,Rural,25.96,1270439,66.41
10-06-2026,Gujarat,Rural,16.72,3746804,62.32
11-06-2026,Uttar Pradesh,Rural,15.37,747296,38.64
12-06-2026,Maharashtra,Urban,11.84,1649302,48.66
13-06-2026,West Bengal,Urban,6.41,3222951,62.67
14-06-2026,Gujarat,Urban,26.62,1778687,32.7
15-06-2026,Tamil Nadu,Urban,25.32,900101,45.5
16-06-2026,Gujarat,Urban,29.99,4200612,64.07
17-06-2026,Gujarat,Urban,29.92,2059406,46.16
18-06-2026,Rajasthan,Urban,18.89,1064918,33.1
19-06-2026,Uttar Pradesh,Rural,24.22,596758,51.7
20-06-2026,West Bengal,Urban,28.62,4742929,64.47
21-06-2026,Gujarat,Rural,26.24,128625,53.61
22-06-2026,Gujarat,Rural,11.18,2933552,39.05
23-06-2026,Delhi,Urban,16.26,3531961,45.37
24-06-2026,Rajasthan,Urban,8.23,1376647,48
25-06-2026,Tamil Nadu,Rural,28.85,4142608,53.17
26-06-2026,West Bengal,Urban,20.15,4782315,60.37
27-06-2026,Tamil Nadu,Rural,10.72,2627576,33.95
28-06-2026,Karnataka,Urban,21.79,416205,65.59
29-06-2026,Delhi,Urban,20.45,3145315,30.49
30-06-2026,Rajasthan,Rural,13.95,3244480,44.8
01-07-2026,Uttar Pradesh,Rural,7.84,4395680,31.1
02-07-2026,Rajasthan,Rural,21.79,3670834,45.72
03-07-2026,West Bengal,Urban,18.01,3030639,51.03
04-07-2026,Maharashtra,Urban,24.31,2964781,50.47
05-07-2026,Rajasthan,Rural,18,4205519,36.63
06-07-2026,Karnataka,Urban,26.3,3717860,55.83
07-07-2026,Tamil Nadu,Rural,18.8,4452360,31.79
08-07-2026,Rajasthan,Urban,19.02,4928761,60.48
09-07-2026,Karnataka,Rural,26.92,4040285,67.87
10-07-2026,Maharashtra,Rural,15.09,4757089,43.59
11-07-2026,Karnataka,Urban,8.35,2727144,50.69
12-07-2026,Uttar Pradesh,Rural,5.72,2925896,45.16
13-07-2026,Uttar Pradesh,Rural,23.88,2138540,30.27
14-07-2026,Maharashtra,Rural,20.51,4976872,45.43
15-07-2026,West Bengal,Rural,22.6,2839956,61.67
16-07-2026,Tamil Nadu,Urban,10.32,2719980,53.84
17-07-2026,Karnataka,Urban,8.41,821384,34.05
18-07-2026,Rajasthan,Urban,5.36,619777,63.89
19-07-2026,Tamil Nadu,Urban,13.76,3799181,51.24
20-07-2026,Rajasthan,Urban,19.75,2987698,63.67
21-07-2026,Tamil Nadu,Urban,14.81,4330625,53.21
22-07-2026,Tamil Nadu,Rural,15.94,2532593,52.39
23-07-2026,Karnataka,Urban,27.6,4128812,34.21
24-07-2026,Delhi,Urban,13.71,4131464,36.69
25-07-2026,Tamil Nadu,Urban,17.85,3490742,68.88
26-07-2026,Maharashtra,Rural,24.59,256498,39.14
27-07-2026,Rajasthan,Rural,14.91,2987296,69.1
28-07-2026,West Bengal,Urban,20.55,4688887,51.28
29-07-2026,Rajasthan,Urban,26.56,2836582,35.43
30-07-2026,West Bengal,Urban,28.74,1200500,33.97
31-07-2026,Tamil Nadu,Rural,8.68,1676590,38.35
01-08-2026,Uttar Pradesh,Rural,28.16,2061977,67.03
02-08-2026,Tamil Nadu,Urban,17.3,4132654,46.57
03-08-2026,West Bengal,Rural,11.46,764468,45.82
04-08-2026,Delhi,Rural,16.48,3460160,42.53
05-08-2026,Gujarat,Urban,29.5,3385727,35.88
06-08-2026,Tamil Nadu,Rural,17.32,980112,49.51
07-08-2026,Maharashtra,Rural,13.22,4652994,35.2
08-08-2026,Rajasthan,Urban,20.84,3137099,63.42
09-08-2026,Delhi,Urban,11,4374277,44.82
10-08-2026,Maharashtra,Urban,6.9,4095609,44.99
11-08-2026,Gujarat,Rural,8.22,4928426,48.96
12-08-2026,Uttar Pradesh,Urban,8.2,2142823,47.77
13-08-2026,Uttar Pradesh,Rural,8.8,1148173,69.79
14-08-2026,Maharashtra,Urban,8.47,1602025,51.82
15-08-2026,Tamil Nadu,Urban,21.02,2691661,33.53
16-08-2026,Delhi,Urban,9.55,2012584,54.28
17-08-2026,West Bengal,Rural,13.64,3877538,36.06
18-08-2026,Tamil Nadu,Urban,27.42,325049,31.24
19-08-2026,Karnataka,Urban,16.85,1417191,68.83
20-08-2026,Maharashtra,Rural,21.69,2961509,60.94
21-08-2026,Tamil Nadu,Urban,9.31,847419,69.2
22-08-2026,Gujarat,Rural,9.81,1179924,49.12
23-08-2026,Uttar Pradesh,Rural,6.02,2480932,51.29
24-08-2026,Karnataka,Rural,9.22,1754753,36.73
25-08-2026,Uttar Pradesh,Rural,11.96,504772,39.88
26-08-2026,Maharashtra,Urban,9.43,1815499,63.54
27-08-2026,Uttar Pradesh,Rural,7.22,671107,44.25
28-08-2026,Tamil Nadu,Rural,8.02,2175406,63.07
29-08-2026,Karnataka,Urban,16.52,2617334,58.36
30-08-2026,Karnataka,Urban,10.16,2186213,37.09
31-08-2026,Tamil Nadu,Rural,14.11,3458509,50.3
01-09-2026,Tamil Nadu,Urban,17.59,2879499,57.1
02-09-2026,West Bengal,Urban,22.26,2013722,39.4
03-09-2026,Gujarat,Rural,5.98,2910860,63.23
04-09-2026,Delhi,Rural,24.99,648884,51.79
05-09-2026,Gujarat,Urban,20.7,2099254,36.61
06-09-2026,Uttar Pradesh,Urban,7.04,1087471,53.32
07-09-2026,Uttar Pradesh,Urban,26.84,4353486,69.99
08-09-2026,Maharashtra,Rural,28.02,4256532,36.02
09-09-2026,Rajasthan,Rural,6.53,1801667,62.67
10-09-2026,Karnataka,Rural,11.92,3717556,38.29
11-09-2026,Delhi,Rural,25.16,2967340,61.3
12-09-2026,Tamil Nadu,Rural,23.71,358517,59.38
13-09-2026,Uttar Pradesh,Rural,9.61,1457133,42.02
14-09-2026,Uttar Pradesh,Urban,10.23,805475,43.03
15-09-2026,Uttar Pradesh,Urban,14.26,4039311,61.7
16-09-2026,Gujarat,Urban,17.11,848013,48.46
17-09-2026,Karnataka,Urban,20.46,2888890,59.23
18-09-2026,Karnataka,Urban,14.22,1352078,35.92
19-09-2026,Gujarat,Rural,16.56,4438843,64.1
20-09-2026,Karnataka,Rural,23.69,524226,58.44
21-09-2026,Tamil Nadu,Urban,5.92,3767591,66.28
22-09-2026,Tamil Nadu,Rural,11.31,3367727,35.29
23-09-2026,Karnataka,Urban,22.83,4217923,53.72
24-09-2026,Gujarat,Urban,27.38,3703101,53.96
25-09-2026,Tamil Nadu,Rural,17.79,4994640,44.14
26-09-2026,Uttar Pradesh,Urban,18.3,798956,48.34
27-09-2026,West Bengal,Urban,7.68,4001529,31.52
28-09-2026,Gujarat,Urban,16.19,3503096,59.83
29-09-2026,Rajasthan,Rural,18.32,4380669,51.97
30-09-2026,Uttar Pradesh,Urban,11.06,854950,32.31
01-10-2026,Karnataka,Rural,11.73,275211,57.23
02-10-2026,Delhi,Urban,14.43,4192966,48.67
03-10-2026,Karnataka,Rural,5.5,4357950,31.38
04-10-2026,Rajasthan,Urban,13.05,365798,68.78
05-10-2026,Rajasthan,Rural,10.29,1630814,67.96
06-10-2026,Gujarat,Rural,13.19,1983376,50.52
07-10-2026,Karnataka,Urban,7.99,3991113,33.75
08-10-2026,West Bengal,Rural,27.26,3121097,60.18
09-10-2026,Delhi,Urban,19.84,255683,49.68
10-10-2026,Maharashtra,Rural,21.98,3103475,42.1
11-10-2026,Gujarat,Rural,24.73,4926563,49.66
12-10-2026,Tamil Nadu,Rural,17.46,4830741,50.9
13-10-2026,Gujarat,Rural,7.17,2087755,52.51
14-10-2026,Tamil Nadu,Urban,18.43,2006039,47.65
15-10-2026,Gujarat,Rural,19.67,4861260,54.23
16-10-2026,Gujarat,Rural,23.64,1555465,66.75
17-10-2026,Gujarat,Urban,15.79,4292814,44.49
18-10-2026,Maharashtra,Rural,8.19,1094170,59.03
19-10-2026,Gujarat,Urban,12.09,2809644,65.78
20-10-2026,Uttar Pradesh,Urban,14.08,311830,48.24
21-10-2026,Rajasthan,Rural,21.15,3662613,47.74
22-10-2026,Uttar Pradesh,Rural,19.27,3429049,54.08
23-10-2026,Delhi,Urban,13.9,4855976,53.66
24-10-2026,Gujarat,Rural,29.66,621998,62.26
25-10-2026,Karnataka,Urban,20.14,4160119,49.06
26-10-2026,West Bengal,Rural,10.93,3846169,69.84
27-10-2026,Karnataka,Urban,7.54,175388,32.38
28-10-2026,Uttar Pradesh,Rural,8.82,1875767,30.13
29-10-2026,Karnataka,Rural,11.15,2429753,55.61
30-10-2026,Gujarat,Rural,9.02,1597618,41.94
31-10-2026,Karnataka,Urban,9.66,4121080,39.62
01-11-2026,Tamil Nadu,Urban,12.13,4528690,42.48
02-11-2026,Uttar Pradesh,Rural,9.33,3589443,40.24
03-11-2026,Gujarat,Rural,27.42,2658944,31.23
04-11-2026,Rajasthan,Urban,7.01,601174,68.86
05-11-2026,Tamil Nadu,Rural,18.11,2981777,38.83
06-11-2026,West Bengal,Rural,15.26,2848996,59.36
07-11-2026,West Bengal,Rural,29.56,295246,60.5
08-11-2026,Uttar Pradesh,Rural,7.8,3796176,67.17
09-11-2026,Delhi,Urban,14.95,2443394,31.22
10-11-2026,Maharashtra,Urban,29.24,611083,64.88
11-11-2026,West Bengal,Rural,26.64,1112384,51.09
12-11-2026,Tamil Nadu,Rural,25.43,966964,55.3
13-11-2026,Tamil Nadu,Rural,11.45,149104,55.78
14-11-2026,Delhi,Urban,9.27,3156277,62.79
15-11-2026,Maharashtra,Urban,21.72,963663,43.34
16-11-2026,Delhi,Urban,28.23,4858982,59.32
17-11-2026,Delhi,Rural,18.92,4500072,51.14
18-11-2026,Gujarat,Urban,19.29,1306861,61.74
19-11-2026,Rajasthan,Urban,12,3219612,69.62
20-11-2026,West Bengal,Urban,24.24,2991005,38.03
21-11-2026,Rajasthan,Rural,9.68,4836319,69.79
22-11-2026,Maharashtra,Rural,13.09,357681,33.59
23-11-2026,Karnataka,Urban,15.64,194018,30.09
24-11-2026,Tamil Nadu,Rural,17.69,2098197,31.77
25-11-2026,Uttar Pradesh,Rural,11.06,2154780,43.67
26-11-2026,Maharashtra,Urban,7.87,3539782,55.32
27-11-2026,Tamil Nadu,Rural,20.27,4523408,32.76
28-11-2026,Tamil Nadu,Rural,12.22,942186,30.23
29-11-2026,Maharashtra,Urban,19.53,4487814,67.48
30-11-2026,Maharashtra,Rural,8.86,1593293,62.88
01-12-2026,Gujarat,Urban,17.03,2651314,62.37
02-12-2026,Maharashtra,Rural,18.31,1224905,65.38
03-12-2026,Delhi,Rural,6.3,3205958,58
04-12-2026,Tamil Nadu,Rural,13.42,4989196,34.18
05-12-2026,Delhi,Urban,8.36,3358084,45.96
06-12-2026,Delhi,Rural,6.58,304451,58.93
07-12-2026,Delhi,Rural,29.75,2080290,41.21
08-12-2026,West Bengal,Rural,13.06,3524328,57.5
09-12-2026,Tamil Nadu,Rural,25.25,4849959,30.98
10-12-2026,Karnataka,Urban,11.37,503322,42.25
11-12-2026,West Bengal,Urban,22.04,4671843,51.97
12-12-2026,Tamil Nadu,Rural,24.01,4410796,55.28
13-12-2026,Karnataka,Rural,19.89,4177716,53.08
14-12-2026,Tamil Nadu,Rural,16.79,4459879,57.91
15-12-2026,Uttar Pradesh,Urban,15.3,2190545,30.24
16-12-2026,Uttar Pradesh,Rural,13.72,2008802,34.04
17-12-2026,Rajasthan,Urban,28.24,1648075,64.76
18-12-2026,Rajasthan,Rural,25.77,593948,57.27
19-12-2026,West Bengal,Rural,29.13,4268962,34.52
20-12-2026,Rajasthan,Rural,8.11,3844085,63.68
21-12-2026,Maharashtra,Urban,23.27,880641,39.69
22-12-2026,Rajasthan,Rural,28.46,4566134,49.13
23-12-2026,Rajasthan,Rural,9.53,1654205,35.81
24-12-2026,Gujarat,Rural,6.66,1804597,58.4
25-12-2026,Delhi,Rural,23.53,3865689,56.67
26-12-2026,Maharashtra,Rural,19.36,2651331,38.44
27-12-2026,Rajasthan,Urban,26.05,3227748,64.54
28-12-2026,Gujarat,Rural,8.49,935036,46.05
29-12-2026,Maharashtra,Rural,24.88,2469822,41.7
30-12-2026,Maharashtra,Urban,10.04,4101070,36.09
31-12-2026,Maharashtra,Rural,9.09,2488278,40.65
01-01-2027,West Bengal,Rural,9.11,2983791,30.88
02-01-2027,Gujarat,Urban,25.36,4280413,53.33
03-01-2027,Delhi,Urban,21.63,3596605,63.69
04-01-2027,Maharashtra,Urban,18.08,1405487,51.96
05-01-2027,Uttar Pradesh,Rural,13.97,408623,38.77
06-01-2027,Tamil Nadu,Urban,26.93,3747371,31.35
07-01-2027,Karnataka,Rural,14.81,3396903,38.59
08-01-2027,Uttar Pradesh,Urban,25.41,2368115,46.64
09-01-2027,Maharashtra,Urban,15.98,1290402,60.38
10-01-2027,Karnataka,Rural,14.42,1247116,37.51
11-01-2027,Gujarat,Urban,16.57,3056566,58.79
12-01-2027,Karnataka,Rural,12.53,3872763,64.68
13-01-2027,Rajasthan,Rural,23.69,410375,48.16
14-01-2027,Tamil Nadu,Urban,17.57,2226453,62.86
15-01-2027,Maharashtra,Rural,10.81,1371300,52.19
16-01-2027,Gujarat,Rural,27.49,3759731,55.48
17-01-2027,Tamil Nadu,Urban,14.6,4488087,51.05
18-01-2027,West Bengal,Rural,18.59,3942411,48.53
19-01-2027,Karnataka,Urban,27.66,1115416,39.39
20-01-2027,Maharashtra,Rural,20.61,4963059,42.13
21-01-2027,Delhi,Urban,7.92,2414181,41.6
22-01-2027,Rajasthan,Urban,28.5,3504231,52.53
23-01-2027,West Bengal,Urban,20.69,3365696,34.8
24-01-2027,Delhi,Urban,13.37,4672148,66.67
25-01-2027,Tamil Nadu,Urban,8.48,4305003,58.83
26-01-2027,Uttar Pradesh,Urban,24.85,3441861,46.06
27-01-2027,Tamil Nadu,Rural,20.5,4828307,36.34
28-01-2027,Tamil Nadu,Rural,18.34,2715804,65.28
29-01-2027,Maharashtra,Rural,27.35,4412717,62.95
30-01-2027,Karnataka,Urban,24.71,2082243,58.87
31-01-2027,West Bengal,Urban,8.79,1792128,40.86
01-02-2027,Uttar Pradesh,Urban,12.79,3513654,46.1
02-02-2027,Delhi,Rural,11.21,3370209,34.11
03-02-2027,Delhi,Urban,23.6,315400,37.56
04-02-2027,Karnataka,Urban,5.84,2757025,61.32
05-02-2027,West Bengal,Urban,19.25,3424664,58.6
06-02-2027,West Bengal,Rural,24.06,4686440,53.74
07-02-2027,Gujarat,Urban,26.92,3694058,65.83
08-02-2027,Gujarat,Urban,13.55,4684258,53.33
09-02-2027,Tamil Nadu,Rural,25.53,2235219,48.68
10-02-2027,Maharashtra,Rural,7.77,1846621,43.61
11-02-2027,Gujarat,Urban,26.16,4312377,67.62
12-02-2027,Uttar Pradesh,Urban,8.19,4330339,33.31
13-02-2027,Tamil Nadu,Rural,14.93,1344625,67.24
14-02-2027,West Bengal,Rural,24.93,333782,63.07
15-02-2027,Maharashtra,Urban,8.75,4909109,35.2
16-02-2027,Uttar Pradesh,Rural,10.73,3835466,52.6
17-02-2027,Gujarat,Urban,23.06,1683246,64.66
18-02-2027,Karnataka,Rural,23,826331,52.87
19-02-2027,Gujarat,Urban,21.03,1894291,66.29
20-02-2027,Tamil Nadu,Rural,22.35,3998606,67.72
21-02-2027,West Bengal,Rural,18.57,3082448,46.9
22-02-2027,West Bengal,Rural,11.29,4961993,45.09
23-02-2027,Tamil Nadu,Rural,13.64,2978117,67.45
24-02-2027,Tamil Nadu,Urban,9.54,4581617,57.01
25-02-2027,Tamil Nadu,Rural,27.71,4381772,34.64
26-02-2027,Maharashtra,Rural,19.58,2143037,31.69
27-02-2027,Rajasthan,Rural,15.02,4486007,52.59
28-02-2027,Delhi,Urban,16.55,3833149,67.21
01-03-2027,Tamil Nadu,Rural,28.68,3187821,63.77
02-03-2027,West Bengal,Urban,8.83,2904802,57.03
03-03-2027,Gujarat,Urban,19.66,4257263,35.56
04-03-2027,Gujarat,Urban,17.65,4588198,40.17
05-03-2027,Tamil Nadu,Urban,20.29,1713325,65.02
06-03-2027,Maharashtra,Urban,5.45,3712744,37.31
07-03-2027,Tamil Nadu,Urban,26.8,1226798,41.14
08-03-2027,Rajasthan,Urban,28.3,2833460,35.18
09-03-2027,Delhi,Urban,19.13,4215362,57.04
10-03-2027,Gujarat,Urban,22.42,1803377,67.76
11-03-2027,Delhi,Urban,28.06,1352557,40.76
12-03-2027,Delhi,Rural,22.68,4398515,49.02
13-03-2027,Gujarat,Urban,8.81,3432049,55.37
14-03-2027,Rajasthan,Urban,19.41,1590687,69.98
15-03-2027,Delhi,Rural,20.17,4781993,34.19
16-03-2027,Delhi,Urban,15.6,1023160,49.94
17-03-2027,Rajasthan,Urban,23.41,4157025,45.4
18-03-2027,Maharashtra,Urban,28.36,3702684,64.63
19-03-2027,Tamil Nadu,Rural,28.14,3047893,49.04
20-03-2027,Uttar Pradesh,Rural,16.27,3888963,34.44
21-03-2027,Tamil Nadu,Rural,7.83,3974910,55.38
22-03-2027,Delhi,Rural,29.62,3251629,60.83
23-03-2027,Maharashtra,Urban,25.97,2359776,30.12
24-03-2027,Tamil Nadu,Urban,8.12,3468045,64.36
25-03-2027,Delhi,Urban,28.02,4987349,37.44
26-03-2027,Gujarat,Urban,26.75,4440092,52.08
27-03-2027,Tamil Nadu,Urban,17.97,4932691,46.63
28-03-2027,Tamil Nadu,Rural,19.78,2732578,58.79
29-03-2027,Uttar Pradesh,Rural,14.98,1068616,44.85
30-03-2027,Tamil Nadu,Rural,6.37,4317733,64.79
31-03-2027,Karnataka,Urban,13.38,1350956,59.22
01-04-2027,West Bengal,Urban,25.07,1590036,55.91
02-04-2027,Maharashtra,Urban,5.12,2969729,61.85
03-04-2027,Gujarat,Rural,13.34,1909377,60.16
04-04-2027,Maharashtra,Urban,14.95,1165923,31.44
05-04-2027,Gujarat,Rural,18.43,1820856,45.79
06-04-2027,Gujarat,Urban,28,656110,67.23
07-04-2027,Karnataka,Urban,13.66,1064163,35.03
08-04-2027,Delhi,Urban,13.67,3112539,59.48
09-04-2027,Uttar Pradesh,Rural,23.44,4302271,68.98
10-04-2027,West Bengal,Urban,16.31,4142879,32.09
11-04-2027,Gujarat,Urban,10.62,3781887,57.29
12-04-2027,Rajasthan,Urban,16.31,2422523,48.73
13-04-2027,Rajasthan,Urban,8.52,3975358,53.17
14-04-2027,Gujarat,Rural,9.41,1313261,33.41
15-04-2027,Maharashtra,Urban,17.46,4846771,31.72
16-04-2027,Rajasthan,Rural,15.47,351537,56.67
17-04-2027,Karnataka,Rural,27.87,1856124,62.93
18-04-2027,Maharashtra,Urban,14.06,941531,61.28
19-04-2027,West Bengal,Rural,19.51,964645,51.75
20-04-2027,Karnataka,Rural,20.81,1528127,33.99
21-04-2027,Karnataka,Urban,5.33,571082,57.52
22-04-2027,Delhi,Rural,21.59,2021277,39.68
23-04-2027,Rajasthan,Rural,9.45,4354849,66.44
24-04-2027,Maharashtra,Rural,29.03,3547794,63.53
25-04-2027,West Bengal,Rural,8.72,1715777,58.38
26-04-2027,Uttar Pradesh,Urban,15.37,3604905,67.95
27-04-2027,West Bengal,Urban,7.13,3612664,31.26
28-04-2027,West Bengal,Urban,29.92,1073181,59.45
29-04-2027,Uttar Pradesh,Rural,17.55,3216810,43.21
30-04-2027,Uttar Pradesh,Urban,19.88,1591633,66.24
01-05-2027,Delhi,Urban,6.68,4995996,40.67
02-05-2027,Gujarat,Rural,23.75,1633854,58.99
03-05-2027,Uttar Pradesh,Rural,10.25,2161774,65.11
04-05-2027,Uttar Pradesh,Urban,27.45,2890358,31.67
05-05-2027,Uttar Pradesh,Urban,10.13,3960562,45.91
06-05-2027,Tamil Nadu,Rural,9.77,3290664,60.49
07-05-2027,Karnataka,Urban,5.91,1865524,48.2
08-05-2027,Karnataka,Rural,16.8,1350632,40.69
09-05-2027,Gujarat,Urban,19.12,2422621,38.79
10-05-2027,Uttar Pradesh,Rural,6.64,237478,35.26
11-05-2027,Delhi,Urban,24.39,3343087,64.29
12-05-2027,Tamil Nadu,Rural,16.33,1009711,53.01
13-05-2027,Tamil Nadu,Rural,18.11,3811584,33.06
14-05-2027,Gujarat,Rural,16.02,1719715,45.3
15-05-2027,West Bengal,Urban,15.02,2690310,44.71
16-05-2027,Rajasthan,Urban,18.99,1727687,37.27
17-05-2027,Tamil Nadu,Rural,8.88,1060612,47.42
18-05-2027,Uttar Pradesh,Urban,9.55,527387,43.28
19-05-2027,Rajasthan,Urban,26.54,3746259,43.67
20-05-2027,Gujarat,Rural,28.65,1644613,59.56
21-05-2027,Karnataka,Urban,14.33,1397638,38.93
22-05-2027,Rajasthan,Rural,11.77,4729988,55.67
23-05-2027,Tamil Nadu,Rural,21.1,2254174,52.83
24-05-2027,Gujarat,Urban,15.22,2530525,52.72
25-05-2027,Rajasthan,Urban,5.63,3195010,56.52
26-05-2027,West Bengal,Urban,8.9,2556070,51.94
27-05-2027,Rajasthan,Rural,22.9,589626,65.17
28-05-2027,Tamil Nadu,Urban,21.47,388859,57.02
29-05-2027,Karnataka,Rural,5.68,4849766,51.88
30-05-2027,Delhi,Rural,10.55,1646236,63.19
31-05-2027,Tamil Nadu,Rural,10.78,4101412,54.25
01-06-2027,Tamil Nadu,Urban,21.8,2390870,41.65
02-06-2027,Uttar Pradesh,Urban,5.49,694305,38.28
03-06-2027,Delhi,Rural,7.6,4357341,36.09
04-06-2027,Maharashtra,Rural,25,3859834,65.98
05-06-2027,Uttar Pradesh,Urban,9.46,2727988,58.41
06-06-2027,Uttar Pradesh,Urban,21.32,304366,67.5
07-06-2027,Rajasthan,Urban,10.95,602420,54.13
08-06-2027,Uttar Pradesh,Urban,7.49,2351401,48.94
09-06-2027,Gujarat,Urban,11.08,1779161,32.39
10-06-2027,Rajasthan,Urban,23.06,1138199,56.87
11-06-2027,Gujarat,Rural,26.39,760902,53.29
12-06-2027,Gujarat,Urban,25.76,1638112,69.61
13-06-2027,Gujarat,Rural,14.93,1826676,39.57
14-06-2027,Uttar Pradesh,Urban,21.7,1470073,51.23
15-06-2027,Uttar Pradesh,Urban,10.12,4253585,56.04
16-06-2027,Karnataka,Urban,12.33,1785996,55.78
17-06-2027,Maharashtra,Urban,27.41,3346417,52.45
18-06-2027,Gujarat,Urban,5.33,802436,61.08
19-06-2027,Maharashtra,Rural,7.14,2643788,38.2
20-06-2027,Karnataka,Rural,10.2,1452144,59.03
21-06-2027,Karnataka,Rural,5.66,1651330,54.79
22-06-2027,Gujarat,Rural,9.54,1071248,65.84
23-06-2027,Gujarat,Urban,19.58,4757851,63.89
24-06-2027,Tamil Nadu,Urban,15.54,2707411,42.61
25-06-2027,Gujarat,Rural,27.32,1793439,41.05
26-06-2027,Gujarat,Rural,25.44,1931094,69.27
27-06-2027,Maharashtra,Rural,13.55,3537172,51.09
28-06-2027,Delhi,Rural,11.49,1159325,66.26
29-06-2027,Gujarat,Rural,14.49,2063571,36.56
30-06-2027,Karnataka,Rural,19.76,4519323,55.71
01-07-2027,Uttar Pradesh,Rural,11.7,697218,62.39
02-07-2027,West Bengal,Urban,20.6,3915144,67.9
03-07-2027,Karnataka,Urban,15.24,3536252,43.49
04-07-2027,Rajasthan,Rural,18.8,917052,59
05-07-2027,West Bengal,Urban,15.9,2085957,51.55
06-07-2027,West Bengal,Urban,12.36,1528080,32.43
07-07-2027,Maharashtra,Urban,28.71,1201928,57.6
08-07-2027,Maharashtra,Urban,24.09,2621279,57.6
09-07-2027,Gujarat,Rural,8.5,2200343,67.22
10-07-2027,Maharashtra,Rural,26.71,4196392,49.89
11-07-2027,Delhi,Rural,17.19,2826016,39.21
12-07-2027,Delhi,Urban,27.36,1344289,31.78
13-07-2027,Rajasthan,Rural,25,542939,46.63
14-07-2027,Karnataka,Rural,15.63,1152207,42.08
15-07-2027,Uttar Pradesh,Urban,5.56,3382972,60.44
16-07-2027,Tamil Nadu,Urban,11.72,404224,44.17
17-07-2027,Delhi,Rural,18.54,4514473,67.96
18-07-2027,Rajasthan,Rural,20.84,2811793,68.49
19-07-2027,West Bengal,Rural,11.45,4847263,54.84
20-07-2027,Maharashtra,Urban,8.48,2419124,67.15
21-07-2027,Tamil Nadu,Rural,25.87,4023227,60.43
22-07-2027,Karnataka,Urban,29.61,2173290,51.87
23-07-2027,Maharashtra,Rural,18.14,2618970,37.21
24-07-2027,West Bengal,Urban,9.29,3989877,48.34
25-07-2027,Uttar Pradesh,Urban,11.81,1827408,52.43
26-07-2027,West Bengal,Rural,5.46,2901742,64.56
27-07-2027,Uttar Pradesh,Rural,27.86,3188272,49.25
28-07-2027,Gujarat,Rural,7.94,1155675,65.91
29-07-2027,Rajasthan,Rural,19.41,3664375,56.97
30-07-2027,Delhi,Urban,11.85,1065188,35.48
31-07-2027,West Bengal,Urban,18.85,4848703,69.8
01-08-2027,Rajasthan,Rural,21.29,2261088,51.09
02-08-2027,Uttar Pradesh,Rural,25.74,2420484,45.67
03-08-2027,Karnataka,Rural,10.16,4205223,56.36
04-08-2027,Uttar Pradesh,Urban,5.27,2922988,34.36
05-08-2027,West Bengal,Rural,8.42,4019047,55.46
06-08-2027,Rajasthan,Rural,27.5,3568792,49.93
07-08-2027,Uttar Pradesh,Rural,26.85,587510,46.27
08-08-2027,Maharashtra,Rural,19.94,3675168,68.12
09-08-2027,Karnataka,Urban,20.01,4155447,50.9
10-08-2027,Gujarat,Urban,21.63,1773879,38.76
11-08-2027,Rajasthan,Urban,9.38,1880752,48.36
12-08-2027,Karnataka,Rural,27.86,3393331,66.78
13-08-2027,Rajasthan,Urban,15.47,3864455,37.04
14-08-2027,West Bengal,Urban,14.58,4435518,38.56
15-08-2027,Rajasthan,Urban,17.97,503082,30.52
16-08-2027,Karnataka,Rural,6.17,301139,30.57
17-08-2027,Rajasthan,Rural,9.16,4004722,63.18
18-08-2027,Uttar Pradesh,Rural,23.45,2846866,59.28
19-08-2027,Maharashtra,Rural,7.07,1307786,44.2
20-08-2027,Delhi,Urban,20.08,192601,57.93
21-08-2027,West Bengal,Rural,11.13,3275684,45.81
22-08-2027,Karnataka,Rural,14.73,3484068,68.12
23-08-2027,West Bengal,Urban,12.22,729085,68.68
24-08-2027,Rajasthan,Urban,13.89,2059925,45.71
25-08-2027,Gujarat,Urban,22.98,3109887,64.17
26-08-2027,Delhi,Rural,12.43,1618087,60.92
27-08-2027,Maharashtra,Rural,19.16,2113321,42.4
28-08-2027,Karnataka,Urban,16.9,2618638,39.28
29-08-2027,Karnataka,Rural,21.59,703103,48.33
30-08-2027,Gujarat,Rural,28.42,4333583,61.25
31-08-2027,Uttar Pradesh,Urban,23.31,4666235,68.41
01-09-2027,Maharashtra,Urban,10.37,2089968,60.54
02-09-2027,Rajasthan,Rural,5.78,2345854,64.21
03-09-2027,Rajasthan,Urban,11.56,4739681,54.12
04-09-2027,Gujarat,Urban,19.88,2716241,63.42
05-09-2027,Uttar Pradesh,Urban,6.29,2943586,61.38
06-09-2027,Maharashtra,Urban,17.41,1357008,45.08
07-09-2027,Gujarat,Rural,19.92,4170211,52.08
08-09-2027,West Bengal,Urban,13.36,3943688,62.19
09-09-2027,Uttar Pradesh,Rural,24.27,3716984,31.84
10-09-2027,Tamil Nadu,Urban,7.66,4417561,62.32
11-09-2027,Rajasthan,Urban,6.88,4118365,37.12
12-09-2027,Gujarat,Rural,23.2,1103171,50.59
13-09-2027,Maharashtra,Urban,17.39,3000737,62.33
14-09-2027,Gujarat,Rural,22.21,1470485,40.15
15-09-2027,West Bengal,Rural,15.87,1781076,39.83
16-09-2027,Karnataka,Rural,11.16,1711935,46.11
17-09-2027,Rajasthan,Rural,25.48,212990,65.79
18-09-2027,Uttar Pradesh,Rural,24.99,1081883,30.02
19-09-2027,Maharashtra,Urban,22.37,1768321,66.06
20-09-2027,West Bengal,Rural,11.8,3393705,36.15
21-09-2027,West Bengal,Urban,19.76,1718702,69.6
22-09-2027,Maharashtra,Rural,14.02,1600071,68.19
23-09-2027,Tamil Nadu,Rural,7.29,3859505,49.79
24-09-2027,Delhi,Rural,27.93,126806,50.51
25-09-2027,Gujarat,Urban,8.42,4709688,49.26
26-09-2027,Karnataka,Rural,28.76,4364423,55.42
27-09-2027,Delhi,Rural,16.15,1973722,33.63
